id,name,category,price,cost,description,image_url
1,Chocolate Greedy (Montale),Унисекс,500,55,🟢 **В наличии**\n🔥 **Топ продаж**\n⭐ Рейтинг: 4.9/5 (142 отзыва)\nКод товара: *0001-CG*\n\n**Парфюмированная вода Montale Chocolate Greedy (Шоколадный Жадина), 30 мл**\n\nКонцентрированные стойкие духи на спиртовой основе (Люкс-версия от завода Seluz, Турция). 100% передача оригинального аромата.\n\n📋 **Характеристики:**\n• **Тип аромата:** Восточные, гурманские\n• **Начальная нота:** Какао, Бобы тонка\n• **Нота сердца:** Горький апельсин\n• **Конечная нота:** Ваниль, Сухофрукты\n• **Стойкость:** До 12 часов на коже\n• **Пол:** Унисекс\n\n🚚 *Доставка: Новая Почта / Укрпочта / Самовывоз*\n💳 *Оплата: Наложенный платеж / Пром-оплата / На карту*,https://ibb.co/svZFTyyL
2,Vanilla Blend (Zielinski),Унисекс,500,55,🟢 **В наличии**\n🔥 **Топ продаж**\n⭐ Рейтинг: 5.0/5 (98 отзывов)\nКод товара: *0002-VB*\n\n**Парфюмированная вода Zielinski & Rozen - Vanilla Blend, 30 мл**\n\nЛегендарная черная мадагаскарская ваниль со стильным древесным шлейфом. Изготовлено из оригинального швейцарского и турецкого сырья.\n\n📋 **Характеристики:**\n• **Тип аромата:** Восточные, древесные\n• **Основные ноты:** Ваниль, Амбра, Редкие породы дерева\n• **Стойкость:** Более 24 часов\n• **Пол:** Унисекс\n\n🚚 *Доставка: Новая Почта / Укрпочта / Самовывоз*\n💳 *Оплата: Наложенный платеж / Пром-оплата / На карту*,http://googleusercontent.com/https://ibb.co/svZFTyyL
3,Pink Molecule 090.09,Женские,520,60,🟢 **В наличии**\n⭐ Рейтинг: 4.8/5 (215 отзывов)\nКод товара: *0003-PM*\n\n**Парфюмированная вода Zarkoperfume - PINK MOLéCULE 090.09, 30 мл**\n\nИгристое розовое шампанское со взбитыми сливками и черной бузиной. Идеальный свеже-сладкий шлейф на любое время года.\n\n📋 **Характеристики:**\n• **Тип аромата:** Фруктовые, сладкие\n• **Начальная нота:** Розовое шампанское, Бузина, Абрикос\n• **Конечная нота:** Взбитые сливки, Черное дерево\n• **Пол:** Женский\n\n🚚 *Доставка: Новая Почта / Укрпочта / Самовывоз*\n💳 *Оплата: Наложенный платеж / Пром-оплата / На карту*,http://googleusercontent.com/image_collection/image_retrieval/16526029316889180721_1
4,Hayati (Attar Collection),Женские,520,60,🟢 **В наличии**\n⭐ Рейтинг: 4.9/5 (84 отзыва)\nКод товара: *0004-HY*\n\n**Парфюмированная вода Attar Collection - Hayati, 30 мл**\n\nРоскошное малиновое мороженое со взбитыми сливками, медом и спелым ананасом. Настоящий кондитерский соблазн.\n\n📋 **Характеристики:**\n• **Тип аромата:** Гурманские, фруктовые\n• **Начальная нота:** Малина, Ягоды, Ананас\n• **Нота сердца:** Взбитые сливки, Мед, Слива\n• **Конечная нота:** Ваниль, Белый мускус\n\n🚚 *Доставка: Новая Почта / Укрпочта / Самовывоз*\n💳 *Оплата: Наложенный платеж / Пром-оплата / На карту*,http://googleusercontent.com/image_collection/image_retrieval/16526029316889180721_3
5,Lost Cherry (Tom Ford),Женские,550,65,🟢 **В наличии**\n🔥 **Топ продаж**\n⭐ Рейтинг: 4.9/5 (310 отзывов)\nКод товара: *0005-LC*\n\n**Парфюмированная вода Tom Ford - Lost Cherry, 30 мл**\n\nГустой премиальный аромат спелой вишневой косточки, дорогого ликера и горького миндаля. Элитное турецкое сырье MG Gulcicek.\n\n📋 **Характеристики:**\n• **Тип аромата:** Цветочные, восточные\n• **Начальная нота:** Вишня, Горький миндаль, Ликер\n• **Нота сердца:** Дамасская роза, Жасмин самбак\n• **Конечная нота:** Бобы тонка, Сахар, Кедр, Сандал\n\n🚚 *Доставка: Новая Почта / Укрпочта / Самовывоз*\n💳 *Оплата: Наложенный платеж / Пром-оплата / На карту*,http://googleusercontent.com/image_collection/image_retrieval/16526029316889180721_0
6,Black Phantom (Kilian),Унисекс,600,115,🟢 **В наличии**\n💎 **Премиум качество**\n⭐ Рейтинг: 5.0/5 (42 отзыва)\nКод товара: *0006-BP*\n\n**Парфюмированная вода By Kilian - Black Phantom, 30 мл**\n\nГустой мистический аромат элитного класса (сырье Luzi, Швейцария). Дорогой ром, крепкий черный кофе, шоколад и карамель.\n\n📋 **Характеристики:**\n• **Тип аромата:** Восточные, гурманские\n• **Основные ноты:** Ром, Кофе, Темный шоколад, Карамель, Миндаль\n• **Шлейф:** Сильный, глубокий\n\n🚚 *Доставка: Новая Почта / Укрпочта / Самовывоз*\n💳 *Оплата: Наложенный платеж / Пром-оплата / На карту*,http://googleusercontent.com/image_collection/image_retrieval/16526029316889180721_1
7,Versace pour Homme,Мужские,480,55,🟢 **В наличии**\n⭐ Рейтинг: 4.9/5 (119 отзывов)\nКод товара: *0007-VPH*\n\n**Парфюмированная вода Versace pour Homme, 30 мл**\n\nСвежий, цитрусово-океанический аромат для мужчин. Идеальный повседневный вариант чистоты и стиля на основе концентрата Seluz.\n\n📋 **Характеристики:**\n• **Тип аромата:** Фужерные\n• **Начальная нота:** Лимон, Бергамот, Нероли\n• **Нота сердца:** Гиацинт, Белый кедр, Мускатный шалфей\n• **Конечная нота:** Мускус, Амбра, Бобы тонка\n\n🚚 *Доставка: Новая Почта / Укрпочта / Самовывоз*\n💳 *Оплата: Наложенный платеж / Пром-оплата / На карту*,http://googleusercontent.com/image_collection/image_retrieval/16526029316889180721_2
8,Ascendant (Oriflame аналог),Мужские,480,55,🟢 **В наличии**\n🔥 **Топ продаж**\n⭐ Рейтинг: 4.8/5 (165 отзывов)\nКод товара: *0008-ASC*\n\n**Парфюмированная вода Ascendant (аналог Oriflame), 30 мл**\n\nВоссозданная легенда мужской сетевой парфюмерии. Тот самый брутальный бергамот, жгучий кардамон и дорогая черная кожа.\n\n📋 **Характеристики:**\n• **Тип аромата:** Древесные, пряные\n• **Начальная нота:** Бергамот, Мандарин, Имбирь\n• **Нота сердца:** Кардамон, Лаванда\n• **Конечная нота:** Черная кожа, Кедр, Ваниль\n\n🚚 *Доставка: Новая Почта / Укрпочта / Самовывоз*\n💳 *Оплата: Наложенный платеж / Пром-оплата / На карту*,http://googleusercontent.com/image_collection/image_retrieval/16526029316889180721_3
9,Сет «🔥 Топ Инстаграма» (3 х 3мл),Сеты,350,45,🟢 **В наличии**\n🎁 **Выгодный набор**\n⭐ Рейтинг: 5.0/5 (53 отзыва)\nКод товара: *0009-SET*\n\n**Набор миниатюр «Топ Инстаграма» (3 флакона по 3 мл)**\n\nИдеальный стартовый бокс для тестирования главных хитов коллекции. Флаконы со спреем-пульверизатором в крафтовой упаковке.\n\n📋 **Состав набора:**\n1. Chocolate Greedy (Монталь Шоколад)\n2. Vanilla Blend (Зилински Ваниль)\n3. Pink Molecule (Розовая Молекула)\n\n🚚 *Доставка: Новая Почта / Укрпочта / Самовывоз*\n💳 *Оплата: Наложенный платеж / Пром-оплата / На карту*,http://googleusercontent.com/image_collection/image_retrieval/16526029316889180721_0
